region_id,district,facility_type,count,unit,source,reference_ym,collected_date,data_status,note
CW-UICHANG,의창구,편의점,199,개,소상공인시장진흥공단_상가(상권)정보_API (data.go.kr 15012005),202606,2026-10-01,확보,조회 레코드 11213건 중 indsSclsNm='편의점' 필터
CW-SEONGSAN,성산구,편의점,245,개,소상공인시장진흥공단_상가(상권)정보_API (data.go.kr 15012005),202606,2026-10-01,확보,조회 레코드 13614건 중 indsSclsNm='편의점' 필터
CW-MASANHAPPO,마산합포구,편의점,159,개,소상공인시장진흥공단_상가(상권)정보_API (data.go.kr 15012005),202606,2026-10-01,확보,조회 레코드 10078건 중 indsSclsNm='편의점' 필터
CW-MASANHOEWON,마산회원구,편의점,151,개,소상공인시장진흥공단_상가(상권)정보_API (data.go.kr 15012005),202606,2026-10-01,확보,조회 레코드 8241건 중 indsSclsNm='편의점' 필터
CW-JINHAE,진해구,편의점,196,개,소상공인시장진흥공단_상가(상권)정보_API (data.go.kr 15012005),202606,2026-10-01,확보,조회 레코드 8450건 중 indsSclsNm='편의점' 필터
CW-UICHANG,의창구,대형마트,,개,,,,미확보,이번 단계 수집 범위 아님(편의점 우선 수집)
CW-SEONGSAN,성산구,대형마트,,개,,,,미확보,이번 단계 수집 범위 아님(편의점 우선 수집)
CW-MASANHAPPO,마산합포구,대형마트,,개,,,,미확보,이번 단계 수집 범위 아님(편의점 우선 수집)
CW-MASANHOEWON,마산회원구,대형마트,,개,,,,미확보,이번 단계 수집 범위 아님(편의점 우선 수집)
CW-JINHAE,진해구,대형마트,,개,,,,미확보,이번 단계 수집 범위 아님(편의점 우선 수집)
