region_id,region_name,category,indicator_code,indicator_name,value,unit,source,reference_date,data_status,note
CW-UICHANG,의창구,교통,transit_avg_time_to_citycenter_min,대중교통 평균 소요시간(시청 기준),,분,,,미확보,실제 공공데이터 확보 전
CW-UICHANG,의창구,교통,bus_stop_count,버스정류장 수,,개,,,미확보,실제 공공데이터 확보 전
CW-UICHANG,의창구,의료,hospital_count,병원 수,,개,,,미확보,실제 공공데이터 확보 전
CW-UICHANG,의창구,의료,emergency_hospital_count,응급실 운영 병원 수,,개,,,미확보,실제 공공데이터 확보 전
CW-UICHANG,의창구,생활편의,mart_count,대형마트 수,,개,,,미확보,실제 공공데이터 확보 전
CW-UICHANG,의창구,생활편의,convenience_store_count,편의점 수,,개,,,미확보,실제 공공데이터 확보 전
CW-UICHANG,의창구,주거비,monthly_rent_avg,월세 평균,,만원,,,미확보,실제 공공데이터 확보 전
CW-UICHANG,의창구,주거비,jeonse_avg,전세 평균,,만원,,,미확보,실제 공공데이터 확보 전
CW-SEONGSAN,성산구,교통,transit_avg_time_to_citycenter_min,대중교통 평균 소요시간(시청 기준),,분,,,미확보,실제 공공데이터 확보 전
CW-SEONGSAN,성산구,교통,bus_stop_count,버스정류장 수,,개,,,미확보,실제 공공데이터 확보 전
CW-SEONGSAN,성산구,의료,hospital_count,병원 수,,개,,,미확보,실제 공공데이터 확보 전
CW-SEONGSAN,성산구,의료,emergency_hospital_count,응급실 운영 병원 수,,개,,,미확보,실제 공공데이터 확보 전
CW-SEONGSAN,성산구,생활편의,mart_count,대형마트 수,,개,,,미확보,실제 공공데이터 확보 전
CW-SEONGSAN,성산구,생활편의,convenience_store_count,편의점 수,,개,,,미확보,실제 공공데이터 확보 전
CW-SEONGSAN,성산구,주거비,monthly_rent_avg,월세 평균,,만원,,,미확보,실제 공공데이터 확보 전
CW-SEONGSAN,성산구,주거비,jeonse_avg,전세 평균,,만원,,,미확보,실제 공공데이터 확보 전
CW-MASANHAPPO,마산합포구,교통,transit_avg_time_to_citycenter_min,대중교통 평균 소요시간(시청 기준),,분,,,미확보,실제 공공데이터 확보 전
CW-MASANHAPPO,마산합포구,교통,bus_stop_count,버스정류장 수,,개,,,미확보,실제 공공데이터 확보 전
CW-MASANHAPPO,마산합포구,의료,hospital_count,병원 수,,개,,,미확보,실제 공공데이터 확보 전
CW-MASANHAPPO,마산합포구,의료,emergency_hospital_count,응급실 운영 병원 수,,개,,,미확보,실제 공공데이터 확보 전
CW-MASANHAPPO,마산합포구,생활편의,mart_count,대형마트 수,,개,,,미확보,실제 공공데이터 확보 전
CW-MASANHAPPO,마산합포구,생활편의,convenience_store_count,편의점 수,,개,,,미확보,실제 공공데이터 확보 전
CW-MASANHAPPO,마산합포구,주거비,monthly_rent_avg,월세 평균,,만원,,,미확보,실제 공공데이터 확보 전
CW-MASANHAPPO,마산합포구,주거비,jeonse_avg,전세 평균,,만원,,,미확보,실제 공공데이터 확보 전
CW-MASANHOEWON,마산회원구,교통,transit_avg_time_to_citycenter_min,대중교통 평균 소요시간(시청 기준),,분,,,미확보,실제 공공데이터 확보 전
CW-MASANHOEWON,마산회원구,교통,bus_stop_count,버스정류장 수,,개,,,미확보,실제 공공데이터 확보 전
CW-MASANHOEWON,마산회원구,의료,hospital_count,병원 수,,개,,,미확보,실제 공공데이터 확보 전
CW-MASANHOEWON,마산회원구,의료,emergency_hospital_count,응급실 운영 병원 수,,개,,,미확보,실제 공공데이터 확보 전
CW-MASANHOEWON,마산회원구,생활편의,mart_count,대형마트 수,,개,,,미확보,실제 공공데이터 확보 전
CW-MASANHOEWON,마산회원구,생활편의,convenience_store_count,편의점 수,,개,,,미확보,실제 공공데이터 확보 전
CW-MASANHOEWON,마산회원구,주거비,monthly_rent_avg,월세 평균,,만원,,,미확보,실제 공공데이터 확보 전
CW-MASANHOEWON,마산회원구,주거비,jeonse_avg,전세 평균,,만원,,,미확보,실제 공공데이터 확보 전
CW-JINHAE,진해구,교통,transit_avg_time_to_citycenter_min,대중교통 평균 소요시간(시청 기준),,분,,,미확보,실제 공공데이터 확보 전
CW-JINHAE,진해구,교통,bus_stop_count,버스정류장 수,,개,,,미확보,실제 공공데이터 확보 전
CW-JINHAE,진해구,의료,hospital_count,병원 수,,개,,,미확보,실제 공공데이터 확보 전
CW-JINHAE,진해구,의료,emergency_hospital_count,응급실 운영 병원 수,,개,,,미확보,실제 공공데이터 확보 전
CW-JINHAE,진해구,생활편의,mart_count,대형마트 수,,개,,,미확보,실제 공공데이터 확보 전
CW-JINHAE,진해구,생활편의,convenience_store_count,편의점 수,,개,,,미확보,실제 공공데이터 확보 전
CW-JINHAE,진해구,주거비,monthly_rent_avg,월세 평균,,만원,,,미확보,실제 공공데이터 확보 전
CW-JINHAE,진해구,주거비,jeonse_avg,전세 평균,,만원,,,미확보,실제 공공데이터 확보 전
