region_id,region_name,bus_stop_count,excluded_other_registry,source,reference_date
CW-UICHANG,창원시 의창구,788,160,국토교통부 전국 버스정류장 위치정보 (공공데이터포털 15067528) 및 통계청 SGIS 시군구 경계,2025-10-31
CW-SEONGSAN,창원시 성산구,451,134,국토교통부 전국 버스정류장 위치정보 (공공데이터포털 15067528) 및 통계청 SGIS 시군구 경계,2025-10-31
CW-MASANHAPPO,창원시 마산합포구,779,32,국토교통부 전국 버스정류장 위치정보 (공공데이터포털 15067528) 및 통계청 SGIS 시군구 경계,2025-10-31
CW-MASANHOEWON,창원시 마산회원구,375,26,국토교통부 전국 버스정류장 위치정보 (공공데이터포털 15067528) 및 통계청 SGIS 시군구 경계,2025-10-31
CW-JINHAE,창원시 진해구,525,65,국토교통부 전국 버스정류장 위치정보 (공공데이터포털 15067528) 및 통계청 SGIS 시군구 경계,2025-10-31
GN-JINJU,진주시,1890,31,국토교통부 전국 버스정류장 위치정보 (공공데이터포털 15067528) 및 통계청 SGIS 시군구 경계,2025-10-31
GN-TONGYEONG,통영시,793,1,국토교통부 전국 버스정류장 위치정보 (공공데이터포털 15067528) 및 통계청 SGIS 시군구 경계,2025-10-31
GN-SACHEON,사천시,728,64,국토교통부 전국 버스정류장 위치정보 (공공데이터포털 15067528) 및 통계청 SGIS 시군구 경계,2025-10-31
GN-GIMHAE,김해시,1620,925,국토교통부 전국 버스정류장 위치정보 (공공데이터포털 15067528) 및 통계청 SGIS 시군구 경계,2025-10-31
GN-MIRYANG,밀양시,947,0,국토교통부 전국 버스정류장 위치정보 (공공데이터포털 15067528) 및 통계청 SGIS 시군구 경계,2025-10-31
GN-GEOJE,거제시,1382,34,국토교통부 전국 버스정류장 위치정보 (공공데이터포털 15067528) 및 통계청 SGIS 시군구 경계,2025-10-31
GN-YANGSAN,양산시,1347,311,국토교통부 전국 버스정류장 위치정보 (공공데이터포털 15067528) 및 통계청 SGIS 시군구 경계,2025-10-31
GN-UIRYEONG,의령군,656,0,국토교통부 전국 버스정류장 위치정보 (공공데이터포털 15067528) 및 통계청 SGIS 시군구 경계,2025-10-31
GN-HAMAN,함안군,790,83,국토교통부 전국 버스정류장 위치정보 (공공데이터포털 15067528) 및 통계청 SGIS 시군구 경계,2025-10-31
GN-CHANGNYEONG,창녕군,655,6,국토교통부 전국 버스정류장 위치정보 (공공데이터포털 15067528) 및 통계청 SGIS 시군구 경계,2025-10-31
GN-GOSEONG,고성군,753,104,국토교통부 전국 버스정류장 위치정보 (공공데이터포털 15067528) 및 통계청 SGIS 시군구 경계,2025-10-31
GN-NAMHAE,남해군,565,30,국토교통부 전국 버스정류장 위치정보 (공공데이터포털 15067528) 및 통계청 SGIS 시군구 경계,2025-10-31
GN-HADONG,하동군,653,13,국토교통부 전국 버스정류장 위치정보 (공공데이터포털 15067528) 및 통계청 SGIS 시군구 경계,2025-10-31
GN-SANCHEONG,산청군,402,13,국토교통부 전국 버스정류장 위치정보 (공공데이터포털 15067528) 및 통계청 SGIS 시군구 경계,2025-10-31
GN-HAMYANG,함양군,642,1,국토교통부 전국 버스정류장 위치정보 (공공데이터포털 15067528) 및 통계청 SGIS 시군구 경계,2025-10-31
GN-GEOCHANG,거창군,683,0,국토교통부 전국 버스정류장 위치정보 (공공데이터포털 15067528) 및 통계청 SGIS 시군구 경계,2025-10-31
GN-HAPCHEON,합천군,783,2,국토교통부 전국 버스정류장 위치정보 (공공데이터포털 15067528) 및 통계청 SGIS 시군구 경계,2025-10-31
