region_id,region_name,convenience_store_count,source,reference_ym,collected_date
CW-UICHANG,창원시 의창구,199,소상공인시장진흥공단_상가(상권)정보_API (data.go.kr 15012005),202606,2026-10-04
CW-SEONGSAN,창원시 성산구,245,소상공인시장진흥공단_상가(상권)정보_API (data.go.kr 15012005),202606,2026-10-04
CW-MASANHAPPO,창원시 마산합포구,159,소상공인시장진흥공단_상가(상권)정보_API (data.go.kr 15012005),202606,2026-10-04
CW-MASANHOEWON,창원시 마산회원구,151,소상공인시장진흥공단_상가(상권)정보_API (data.go.kr 15012005),202606,2026-10-04
CW-JINHAE,창원시 진해구,196,소상공인시장진흥공단_상가(상권)정보_API (data.go.kr 15012005),202606,2026-10-04
GN-JINJU,진주시,335,소상공인시장진흥공단_상가(상권)정보_API (data.go.kr 15012005),202606,2026-10-04
GN-TONGYEONG,통영시,143,소상공인시장진흥공단_상가(상권)정보_API (data.go.kr 15012005),202606,2026-10-04
GN-SACHEON,사천시,126,소상공인시장진흥공단_상가(상권)정보_API (data.go.kr 15012005),202606,2026-10-04
GN-GIMHAE,김해시,574,소상공인시장진흥공단_상가(상권)정보_API (data.go.kr 15012005),202606,2026-10-04
GN-MIRYANG,밀양시,105,소상공인시장진흥공단_상가(상권)정보_API (data.go.kr 15012005),202606,2026-10-04
GN-GEOJE,거제시,303,소상공인시장진흥공단_상가(상권)정보_API (data.go.kr 15012005),202606,2026-10-04
GN-YANGSAN,양산시,349,소상공인시장진흥공단_상가(상권)정보_API (data.go.kr 15012005),202606,2026-10-04
GN-UIRYEONG,의령군,13,소상공인시장진흥공단_상가(상권)정보_API (data.go.kr 15012005),202606,2026-10-04
GN-HAMAN,함안군,65,소상공인시장진흥공단_상가(상권)정보_API (data.go.kr 15012005),202606,2026-10-04
GN-CHANGNYEONG,창녕군,59,소상공인시장진흥공단_상가(상권)정보_API (data.go.kr 15012005),202606,2026-10-04
GN-GOSEONG,고성군,49,소상공인시장진흥공단_상가(상권)정보_API (data.go.kr 15012005),202606,2026-10-04
GN-NAMHAE,남해군,65,소상공인시장진흥공단_상가(상권)정보_API (data.go.kr 15012005),202606,2026-10-04
GN-HADONG,하동군,37,소상공인시장진흥공단_상가(상권)정보_API (data.go.kr 15012005),202606,2026-10-04
GN-SANCHEONG,산청군,20,소상공인시장진흥공단_상가(상권)정보_API (data.go.kr 15012005),202606,2026-10-04
GN-HAMYANG,함양군,29,소상공인시장진흥공단_상가(상권)정보_API (data.go.kr 15012005),202606,2026-10-04
GN-GEOCHANG,거창군,57,소상공인시장진흥공단_상가(상권)정보_API (data.go.kr 15012005),202606,2026-10-04
GN-HAPCHEON,합천군,26,소상공인시장진흥공단_상가(상권)정보_API (data.go.kr 15012005),202606,2026-10-04
