region_id,region_name,hospital_count,kind_breakdown,source,reference_date
CW-UICHANG,창원시 의창구,262,의원=111; 치과의원=65; 한의원=55; 병원=11; 요양병원=10; 보건지소=3; 한방병원=3; 종합병원=2; 보건진료소=2,건강보험심사평가원 병원정보서비스 Open API (data.go.kr 15001698),2026-10-04
CW-SEONGSAN,창원시 성산구,397,의원=180; 치과의원=110; 한의원=83; 병원=10; 한방병원=5; 치과병원=4; 종합병원=2; 요양병원=2; 보건소=1,건강보험심사평가원 병원정보서비스 Open API (data.go.kr 15001698),2026-10-04
CW-MASANHAPPO,창원시 마산합포구,242,의원=97; 치과의원=60; 한의원=50; 요양병원=11; 병원=10; 보건지소=4; 종합병원=3; 보건진료소=3; 정신병원=2; 보건소=1; 한방병원=1,건강보험심사평가원 병원정보서비스 Open API (data.go.kr 15001698),2026-10-04
CW-MASANHOEWON,창원시 마산회원구,256,의원=126; 치과의원=62; 한의원=43; 병원=9; 요양병원=7; 보건지소=2; 한방병원=2; 상급종합=1; 종합병원=1; 정신병원=1; 치과병원=1; 조산원=1,건강보험심사평가원 병원정보서비스 Open API (data.go.kr 15001698),2026-10-04
CW-JINHAE,창원시 진해구,200,의원=92; 치과의원=50; 한의원=39; 병원=8; 요양병원=4; 치과병원=3; 종합병원=1; 정신병원=1; 보건소=1; 보건지소=1,건강보험심사평가원 병원정보서비스 Open API (data.go.kr 15001698),2026-10-04
GN-JINJU,진주시,486,의원=212; 치과의원=117; 한의원=97; 병원=18; 보건지소=13; 보건진료소=13; 요양병원=5; 종합병원=3; 정신병원=2; 치과병원=2; 한방병원=2; 상급종합=1; 보건소=1,건강보험심사평가원 병원정보서비스 Open API (data.go.kr 15001698),2026-10-04
GN-TONGYEONG,통영시,161,의원=72; 치과의원=33; 한의원=24; 보건진료소=18; 병원=5; 보건지소=3; 요양병원=2; 종합병원=1; 정신병원=1; 보건소=1; 한방병원=1,건강보험심사평가원 병원정보서비스 Open API (data.go.kr 15001698),2026-10-04
GN-SACHEON,사천시,142,의원=49; 치과의원=34; 한의원=27; 보건진료소=12; 보건지소=6; 요양병원=5; 병원=4; 정신병원=4; 보건소=1,건강보험심사평가원 병원정보서비스 Open API (data.go.kr 15001698),2026-10-04
GN-GIMHAE,김해시,595,의원=260; 치과의원=144; 한의원=114; 요양병원=27; 병원=20; 보건지소=7; 치과병원=6; 정신병원=5; 한방병원=5; 종합병원=4; 보건소=2; 보건진료소=1,건강보험심사평가원 병원정보서비스 Open API (data.go.kr 15001698),2026-10-04
GN-MIRYANG,밀양시,138,의원=47; 한의원=27; 치과의원=25; 보건진료소=15; 보건지소=9; 병원=7; 요양병원=5; 정신병원=1; 보건소=1; 한방병원=1,건강보험심사평가원 병원정보서비스 Open API (data.go.kr 15001698),2026-10-04
GN-GEOJE,거제시,235,의원=102; 치과의원=55; 한의원=39; 보건진료소=12; 보건지소=10; 병원=6; 종합병원=3; 치과병원=3; 요양병원=2; 정신병원=1; 보건소=1; 한방병원=1,건강보험심사평가원 병원정보서비스 Open API (data.go.kr 15001698),2026-10-04
GN-YANGSAN,양산시,428,의원=197; 치과의원=96; 한의원=86; 병원=12; 요양병원=12; 정신병원=5; 한방병원=5; 치과병원=4; 보건지소=4; 종합병원=2; 보건소=2; 보건진료소=2; 상급종합=1,건강보험심사평가원 병원정보서비스 Open API (data.go.kr 15001698),2026-10-04
GN-UIRYEONG,의령군,47,보건지소=11; 의원=10; 보건진료소=10; 치과의원=6; 한의원=6; 병원=1; 요양병원=1; 정신병원=1; 보건소=1,건강보험심사평가원 병원정보서비스 Open API (data.go.kr 15001698),2026-10-04
GN-HAMAN,함안군,70,의원=20; 치과의원=17; 한의원=12; 보건진료소=9; 보건지소=6; 병원=2; 요양병원=2; 정신병원=1; 보건소=1,건강보험심사평가원 병원정보서비스 Open API (data.go.kr 15001698),2026-10-04
GN-CHANGNYEONG,창녕군,96,의원=28; 보건진료소=19; 치과의원=14; 보건지소=13; 한의원=10; 요양병원=7; 병원=2; 정신병원=2; 보건소=1,건강보험심사평가원 병원정보서비스 Open API (data.go.kr 15001698),2026-10-04
GN-GOSEONG,고성군,69,의원=19; 보건지소=13; 보건진료소=12; 치과의원=11; 한의원=8; 병원=2; 요양병원=2; 정신병원=1; 보건소=1,건강보험심사평가원 병원정보서비스 Open API (data.go.kr 15001698),2026-10-04
GN-NAMHAE,남해군,66,의원=20; 보건진료소=15; 치과의원=10; 보건지소=9; 한의원=9; 병원=1; 요양병원=1; 보건소=1,건강보험심사평가원 병원정보서비스 Open API (data.go.kr 15001698),2026-10-04
GN-HADONG,하동군,73,의원=19; 보건진료소=18; 보건지소=12; 치과의원=11; 한의원=9; 요양병원=2; 정신병원=1; 보건소=1,건강보험심사평가원 병원정보서비스 Open API (data.go.kr 15001698),2026-10-04
GN-SANCHEONG,산청군,61,의원=16; 보건진료소=15; 한의원=13; 보건지소=9; 치과의원=6; 요양병원=1; 보건의료원=1,건강보험심사평가원 병원정보서비스 Open API (data.go.kr 15001698),2026-10-04
GN-HAMYANG,함양군,64,의원=21; 보건진료소=11; 한의원=11; 보건지소=10; 치과의원=9; 병원=1; 보건소=1,건강보험심사평가원 병원정보서비스 Open API (data.go.kr 15001698),2026-10-04
GN-GEOCHANG,거창군,95,의원=27; 치과의원=18; 보건진료소=18; 한의원=14; 보건지소=11; 병원=3; 요양병원=3; 보건소=1,건강보험심사평가원 병원정보서비스 Open API (data.go.kr 15001698),2026-10-04
GN-HAPCHEON,합천군,73,의원=16; 보건지소=16; 보건진료소=15; 한의원=11; 치과의원=10; 요양병원=2; 병원=1; 정신병원=1; 보건소=1,건강보험심사평가원 병원정보서비스 Open API (data.go.kr 15001698),2026-10-04
