region_id,region_name,population,source,reference_date
CW-UICHANG,창원시 의창구,209833,행정안전부 지역별(행정동) 성별 연령별 주민등록 인구수 (공공데이터포털 15097972),2026-08-31
CW-SEONGSAN,창원시 성산구,244872,행정안전부 지역별(행정동) 성별 연령별 주민등록 인구수 (공공데이터포털 15097972),2026-08-31
CW-MASANHAPPO,창원시 마산합포구,174168,행정안전부 지역별(행정동) 성별 연령별 주민등록 인구수 (공공데이터포털 15097972),2026-08-31
CW-MASANHOEWON,창원시 마산회원구,173677,행정안전부 지역별(행정동) 성별 연령별 주민등록 인구수 (공공데이터포털 15097972),2026-08-31
CW-JINHAE,창원시 진해구,182463,행정안전부 지역별(행정동) 성별 연령별 주민등록 인구수 (공공데이터포털 15097972),2026-08-31
GN-JINJU,진주시,334017,행정안전부 지역별(행정동) 성별 연령별 주민등록 인구수 (공공데이터포털 15097972),2026-08-31
GN-TONGYEONG,통영시,115975,행정안전부 지역별(행정동) 성별 연령별 주민등록 인구수 (공공데이터포털 15097972),2026-08-31
GN-SACHEON,사천시,107796,행정안전부 지역별(행정동) 성별 연령별 주민등록 인구수 (공공데이터포털 15097972),2026-08-31
GN-GIMHAE,김해시,532854,행정안전부 지역별(행정동) 성별 연령별 주민등록 인구수 (공공데이터포털 15097972),2026-08-31
GN-MIRYANG,밀양시,98305,행정안전부 지역별(행정동) 성별 연령별 주민등록 인구수 (공공데이터포털 15097972),2026-08-31
GN-GEOJE,거제시,228774,행정안전부 지역별(행정동) 성별 연령별 주민등록 인구수 (공공데이터포털 15097972),2026-08-31
GN-YANGSAN,양산시,361044,행정안전부 지역별(행정동) 성별 연령별 주민등록 인구수 (공공데이터포털 15097972),2026-08-31
GN-UIRYEONG,의령군,24518,행정안전부 지역별(행정동) 성별 연령별 주민등록 인구수 (공공데이터포털 15097972),2026-08-31
GN-HAMAN,함안군,56655,행정안전부 지역별(행정동) 성별 연령별 주민등록 인구수 (공공데이터포털 15097972),2026-08-31
GN-CHANGNYEONG,창녕군,54173,행정안전부 지역별(행정동) 성별 연령별 주민등록 인구수 (공공데이터포털 15097972),2026-08-31
GN-GOSEONG,고성군,46712,행정안전부 지역별(행정동) 성별 연령별 주민등록 인구수 (공공데이터포털 15097972),2026-08-31
GN-NAMHAE,남해군,41073,행정안전부 지역별(행정동) 성별 연령별 주민등록 인구수 (공공데이터포털 15097972),2026-08-31
GN-HADONG,하동군,39565,행정안전부 지역별(행정동) 성별 연령별 주민등록 인구수 (공공데이터포털 15097972),2026-08-31
GN-SANCHEONG,산청군,32628,행정안전부 지역별(행정동) 성별 연령별 주민등록 인구수 (공공데이터포털 15097972),2026-08-31
GN-HAMYANG,함양군,35074,행정안전부 지역별(행정동) 성별 연령별 주민등록 인구수 (공공데이터포털 15097972),2026-08-31
GN-GEOCHANG,거창군,58737,행정안전부 지역별(행정동) 성별 연령별 주민등록 인구수 (공공데이터포털 15097972),2026-08-31
GN-HAPCHEON,합천군,38732,행정안전부 지역별(행정동) 성별 연령별 주민등록 인구수 (공공데이터포털 15097972),2026-08-31
