region_id,region_name,elementary_school_count,middle_school_count,high_school_count,school_count,branch_school_count,source,reference_date
CW-UICHANG,창원시 의창구,26,13,11,50,0,"전국초중등학교위치표준데이터 (공공데이터포털 15021148, 제공 한국교육시설안전원)",2026-03-20
CW-SEONGSAN,창원시 성산구,24,17,14,55,0,"전국초중등학교위치표준데이터 (공공데이터포털 15021148, 제공 한국교육시설안전원)",2026-03-20
CW-MASANHAPPO,창원시 마산합포구,23,11,10,44,2,"전국초중등학교위치표준데이터 (공공데이터포털 15021148, 제공 한국교육시설안전원)",2026-03-20
CW-MASANHOEWON,창원시 마산회원구,20,13,7,40,0,"전국초중등학교위치표준데이터 (공공데이터포털 15021148, 제공 한국교육시설안전원)",2026-03-20
CW-JINHAE,창원시 진해구,20,11,6,37,0,"전국초중등학교위치표준데이터 (공공데이터포털 15021148, 제공 한국교육시설안전원)",2026-03-20
GN-JINJU,진주시,47,22,21,90,0,"전국초중등학교위치표준데이터 (공공데이터포털 15021148, 제공 한국교육시설안전원)",2026-03-20
GN-TONGYEONG,통영시,22,12,5,39,2,"전국초중등학교위치표준데이터 (공공데이터포털 15021148, 제공 한국교육시설안전원)",2026-03-20
GN-SACHEON,사천시,18,11,9,38,0,"전국초중등학교위치표준데이터 (공공데이터포털 15021148, 제공 한국교육시설안전원)",2026-03-20
GN-GIMHAE,김해시,60,33,23,116,0,"전국초중등학교위치표준데이터 (공공데이터포털 15021148, 제공 한국교육시설안전원)",2026-03-20
GN-MIRYANG,밀양시,21,11,8,40,0,"전국초중등학교위치표준데이터 (공공데이터포털 15021148, 제공 한국교육시설안전원)",2026-03-20
GN-GEOJE,거제시,41,19,10,70,1,"전국초중등학교위치표준데이터 (공공데이터포털 15021148, 제공 한국교육시설안전원)",2026-03-20
GN-YANGSAN,양산시,44,19,14,77,1,"전국초중등학교위치표준데이터 (공공데이터포털 15021148, 제공 한국교육시설안전원)",2026-03-20
GN-UIRYEONG,의령군,14,5,3,22,1,"전국초중등학교위치표준데이터 (공공데이터포털 15021148, 제공 한국교육시설안전원)",2026-03-20
GN-HAMAN,함안군,17,8,5,30,1,"전국초중등학교위치표준데이터 (공공데이터포털 15021148, 제공 한국교육시설안전원)",2026-03-20
GN-CHANGNYEONG,창녕군,18,10,8,36,2,"전국초중등학교위치표준데이터 (공공데이터포털 15021148, 제공 한국교육시설안전원)",2026-03-20
GN-GOSEONG,고성군,18,8,4,30,0,"전국초중등학교위치표준데이터 (공공데이터포털 15021148, 제공 한국교육시설안전원)",2026-03-20
GN-NAMHAE,남해군,13,9,6,28,0,"전국초중등학교위치표준데이터 (공공데이터포털 15021148, 제공 한국교육시설안전원)",2026-03-20
GN-HADONG,하동군,17,9,5,31,2,"전국초중등학교위치표준데이터 (공공데이터포털 15021148, 제공 한국교육시설안전원)",2026-03-20
GN-SANCHEONG,산청군,13,4,7,24,0,"전국초중등학교위치표준데이터 (공공데이터포털 15021148, 제공 한국교육시설안전원)",2026-03-20
GN-HAMYANG,함양군,13,6,4,23,0,"전국초중등학교위치표준데이터 (공공데이터포털 15021148, 제공 한국교육시설안전원)",2026-03-20
GN-GEOCHANG,거창군,17,9,7,33,1,"전국초중등학교위치표준데이터 (공공데이터포털 15021148, 제공 한국교육시설안전원)",2026-03-20
GN-HAPCHEON,합천군,18,9,6,33,1,"전국초중등학교위치표준데이터 (공공데이터포털 15021148, 제공 한국교육시설안전원)",2026-03-20
