region_id,region_name,학교ID,학교명,학교급구분,설립형태,본교분교구분,운영상태,소재지도로명주소,위도,경도,데이터기준일자
CW-UICHANG,의창구,B000011755,경남관광고등학교,고등학교,사립,본교,운영,경상남도 창원시 의창구 사림로29번길 12,35.2485272,128.6752628,2026-03-20
CW-UICHANG,의창구,B000013308,경상고등학교,고등학교,사립,본교,운영,경상남도 창원시 의창구 금강로379번길 46,35.26096745,128.6005154,2026-03-20
CW-UICHANG,의창구,B000013307,창원고등학교,고등학교,사립,본교,운영,경상남도 창원시 의창구 태복산로 45,35.25528577,128.6427051,2026-03-20
CW-UICHANG,의창구,B000011752,창원공업고등학교,고등학교,사립,본교,운영,경상남도 창원시 의창구 사화로 410,35.23631124,128.6437086,2026-03-20
CW-UICHANG,의창구,B000011907,창원과학고등학교,고등학교,공립,본교,운영,경상남도 창원시 의창구 평산로159번길 30,35.2567644,128.6198339,2026-03-20
CW-UICHANG,의창구,B000013321,창원대산고등학교,고등학교,사립,본교,운영,경상남도 창원시 의창구 대산면 진산대로 378,35.33334459,128.7103474,2026-03-20
CW-UICHANG,의창구,B000013296,창원명곡고등학교,고등학교,공립,본교,운영,경상남도 창원시 의창구 서곡길25번길 16,35.25456647,128.6488225,2026-03-20
CW-UICHANG,의창구,B000013289,창원명지여자고등학교,고등학교,공립,본교,운영,경상남도 창원시 의창구 명지로109번길 54,35.2518467,128.6489261,2026-03-20
CW-UICHANG,의창구,B000013298,창원봉림고등학교,고등학교,공립,본교,운영,경상남도 창원시 의창구 창이대로333번길 39,35.24835895,128.6764645,2026-03-20
CW-UICHANG,의창구,B000023156,창원북면고등학교,고등학교,공립,본교,운영,경상남도 창원시 의창구 북면 동전로 36,35.29968223,128.5967814,2026-03-20
CW-UICHANG,의창구,B000013315,창원성민여자고등학교,고등학교,사립,본교,운영,경상남도 창원시 의창구 팔용로 481,35.25884432,128.6151137,2026-03-20
CW-UICHANG,의창구,B000023787,감계중학교,중학교,공립,본교,운영,경상남도 창원시 의창구 북면 감계로 220,35.30023915,128.5873017,2026-03-20
CW-UICHANG,의창구,B000010988,도계중학교,중학교,공립,본교,운영,경상남도 창원시 의창구 원이대로56번길 19-15,35.25530878,128.6343183,2026-03-20
CW-UICHANG,의창구,B000010983,명곡여자중학교,중학교,공립,본교,운영,경상남도 창원시 의창구 우곡로159번길 32,35.24370853,128.6449711,2026-03-20
CW-UICHANG,의창구,B000010989,명서중학교,중학교,공립,본교,운영,경상남도 창원시 의창구 명지로 54,35.25153733,128.6440578,2026-03-20
CW-UICHANG,의창구,B000010990,봉곡중학교,중학교,공립,본교,운영,경상남도 창원시 의창구 봉곡로23번길 6,35.2487636,128.6617998,2026-03-20
CW-UICHANG,의창구,B000023923,북면중학교,중학교,공립,본교,운영,경상남도 창원시 의창구 동전로110번길 26,35.30537723,128.5985455252,2026-03-20
CW-UICHANG,의창구,B000011026,창덕중학교,중학교,공립,본교,운영,경상남도 창원시 의창구 동읍 의창대로900번길 12,35.27744139,128.6888058,2026-03-20
CW-UICHANG,의창구,B000023820,창북중학교,중학교,공립,본교,운영,경상남도 창원시 의창구 북면 무동서로 8,35.31697458,128.5807219,2026-03-20
CW-UICHANG,의창구,B000011032,창원대산중학교,중학교,사립,본교,운영,경상남도 창원시 의창구 대산면 진산대로 380,35.33415986,128.710433,2026-03-20
CW-UICHANG,의창구,B000011027,창원동중학교,중학교,공립,본교,운영,경상남도 창원시 의창구 동읍 동읍로 189,35.29100882,128.6749409,2026-03-20
CW-UICHANG,의창구,B000011019,창원여자중학교,중학교,사립,본교,운영,경상남도 창원시 의창구 팔용로 487,35.25933184,128.6164149,2026-03-20
CW-UICHANG,의창구,B000011013,창원중학교,중학교,사립,본교,운영,경상남도 창원시 의창구 도계로107번길 10,35.25582016,128.6414039,2026-03-20
CW-UICHANG,의창구,B000010994,팔룡중학교,중학교,공립,본교,운영,경상남도 창원시 의창구 사화로104번길 3,35.25184668,128.6178746,2026-03-20
CW-UICHANG,의창구,B000024068,감계초등학교,초등학교,공립,본교,운영,경상남도 창원시 의창구 북면 감계로140번길 51,35.30037832,128.5884803,2026-03-20
CW-UICHANG,의창구,B000007545,대산초등학교,초등학교,공립,본교,운영,경상남도 창원시 의창구 대산면 진산대로 442-7,35.34028326,128.7095142,2026-03-20
CW-UICHANG,의창구,B000007477,도계초등학교,초등학교,공립,본교,운영,경상남도 창원시 의창구 하남천동길 10,35.25869742,128.6393103,2026-03-20
CW-UICHANG,의창구,B000007479,명곡초등학교,초등학교,공립,본교,운영,경상남도 창원시 의창구 우곡로159번길 22-11,35.24293744,128.6448386,2026-03-20
CW-UICHANG,의창구,B000007472,명도초등학교,초등학교,공립,본교,운영,경상남도 창원시 의창구 도계두리길 233,35.25593918,128.644023,2026-03-20
CW-UICHANG,의창구,B000007478,명서초등학교,초등학교,공립,본교,운영,경상남도 창원시 의창구 명서로 21,35.25038734,128.6440392,2026-03-20
CW-UICHANG,의창구,B000024138,무동초등학교,초등학교,공립,본교,운영,경상남도 창원시 의창구 북면 동곡로 65,35.32087091,128.581699,2026-03-20
CW-UICHANG,의창구,B000007533,봉강초등학교,초등학교,공립,본교,운영,경상남도 창원시 의창구 동읍 동읍로 1131-3,35.35080275,128.6552335,2026-03-20
CW-UICHANG,의창구,B000007481,봉림초등학교,초등학교,공립,본교,운영,경상남도 창원시 의창구 사림로16번길 21,35.24624844,128.6779048,2026-03-20
CW-UICHANG,의창구,B000024323,북면초등학교,초등학교,공립,본교,운영,경상남도 창원시 의창구 북면 동전로110번길 36,35.30529194,128.6000619,2026-03-20
CW-UICHANG,의창구,B000007473,사화초등학교,초등학교,공립,본교,운영,경상남도 창원시 의창구 반계로80번길 7,35.25227232,128.6172751,2026-03-20
CW-UICHANG,의창구,B000007480,상북초등학교,초등학교,공립,본교,운영,경상남도 창원시 의창구 지귀로60번길 13-13,35.24690926,128.6532662,2026-03-20
CW-UICHANG,의창구,B000007482,소답초등학교,초등학교,공립,본교,운영,경상남도 창원시 의창구 의창대로317번길 41,35.26515855,128.6288761,2026-03-20
CW-UICHANG,의창구,B000007547,신등초등학교,초등학교,공립,본교,운영,경상남도 창원시 의창구 대산면 주남로 394,35.32101037,128.6991891,2026-03-20
CW-UICHANG,의창구,B000007536,신방초등학교,초등학교,공립,본교,운영,경상남도 창원시 의창구 동읍 동읍로 121-11,35.28735623,128.6783653,2026-03-20
CW-UICHANG,의창구,B000007544,온천초등학교,초등학교,공립,본교,운영,경상남도 창원시 의창구 북면 신리길30번길 17,35.34942032,128.6049255,2026-03-20
CW-UICHANG,의창구,B000007548,우암초등학교,초등학교,공립,본교,운영,경상남도 창원시 의창구 대산면 우암로 35,35.3339527,128.7303991,2026-03-20
CW-UICHANG,의창구,B000026952,의창초등학교,초등학교,공립,본교,운영,경상남도 창원시 의창구 중동남로 85,35.25371006,128.6295968,2026-03-20
CW-UICHANG,의창구,B000007546,일동초등학교,초등학교,공립,본교,운영,경상남도 창원시 의창구 대산면 대산북로 461,35.36860322,128.6872942,2026-03-20
CW-UICHANG,의창구,B000007535,자여초등학교,초등학교,공립,본교,운영,경상남도 창원시 의창구 동읍 자여로 135,35.27284821,128.7056635,2026-03-20
CW-UICHANG,의창구,B000007475,중동초등학교,초등학교,공립,본교,운영,경상남도 창원시 의창구 의창대로238번길 14,35.25948046,128.6234138,2026-03-20
CW-UICHANG,의창구,B000007474,창원초등학교,초등학교,공립,본교,운영,경상남도 창원시 의창구 읍성로 5-1,35.26563495,128.6197066,2026-03-20
CW-UICHANG,의창구,B000024151,창원한들초등학교,초등학교,공립,본교,운영,경상남도 창원시 의창구 소봉로 43,35.25375052,128.6685605,2026-03-20
CW-UICHANG,의창구,B000007485,평산초등학교,초등학교,공립,본교,운영,경상남도 창원시 의창구 사화로104번길 17,35.25083296,128.616710,2026-03-20
CW-UICHANG,의창구,B000007550,하천초등학교,초등학교,공립,본교,운영,경상남도 창원시 의창구 북면 하천로 145,35.36926399,128.6046833,2026-03-20
CW-UICHANG,의창구,B000007534,화양초등학교,초등학교,공립,본교,운영,경상남도 창원시 의창구 동읍 백월로 524,35.30562566,128.6520009,2026-03-20
CW-SEONGSAN,성산구,B000013310,창원경일고등학교,고등학교,사립,본교,운영,경상남도 창원시 성산구 두대로 165,35.22658657,128.6612134,2026-03-20
CW-SEONGSAN,성산구,B000013316,창원경일여자고등학교,고등학교,사립,본교,운영,경상남도 창원시 성산구 두대로 163,35.22732278,128.662447,2026-03-20
CW-SEONGSAN,성산구,B000011750,창원기계공업고등학교,고등학교,공립,본교,운영,경상남도 창원시 성산구 두대로 219,35.22630036,128.6654086,2026-03-20
CW-SEONGSAN,성산구,B000013309,창원남고등학교,고등학교,사립,본교,운영,경상남도 창원시 성산구 창원대로 813,35.21397156,128.6797496,2026-03-20
CW-SEONGSAN,성산구,B000013297,창원남산고등학교,고등학교,공립,본교,운영,경상남도 창원시 성산구 가음로92번길 34,35.20347689,128.7002997,2026-03-20
CW-SEONGSAN,성산구,B000013302,창원대암고등학교,고등학교,공립,본교,운영,경상남도 창원시 성산구 대암로 203,35.20753671,128.7114831,2026-03-20
CW-SEONGSAN,성산구,B000013317,창원문성고등학교,고등학교,사립,본교,운영,경상남도 창원시 성산구 원이대로 406,35.23490377,128.6617147,2026-03-20
CW-SEONGSAN,성산구,B000013303,창원사파고등학교,고등학교,공립,본교,운영,경상남도 창원시 성산구 창이대로719번길 26,35.22158696,128.7045404,2026-03-20
CW-SEONGSAN,성산구,B000013299,창원신월고등학교,고등학교,공립,본교,운영,경상남도 창원시 성산구 신월로 66,35.22636486,128.6937473,2026-03-20
CW-SEONGSAN,성산구,B000013291,창원여자고등학교,고등학교,공립,본교,운영,경상남도 창원시 성산구 두대로 153,35.22788956,128.6612262,2026-03-20
CW-SEONGSAN,성산구,B000013300,창원용호고등학교,고등학교,공립,본교,운영,경상남도 창원시 성산구 용호로 29,35.23322478,128.6767571,2026-03-20
CW-SEONGSAN,성산구,B000013286,창원중앙고등학교,고등학교,공립,본교,운영,경상남도 창원시 성산구 용호로 16,35.23126093,128.6776682,2026-03-20
CW-SEONGSAN,성산구,B000013290,창원중앙여자고등학교,고등학교,공립,본교,운영,경상남도 창원시 성산구 단정로 121,35.21429866,128.6924259,2026-03-20
CW-SEONGSAN,성산구,B000013301,창원토월고등학교,고등학교,공립,본교,운영,경상남도 창원시 성산구 비음로91번길 8,35.22574658,128.7036398,2026-03-20
CW-SEONGSAN,성산구,B000011006,경원중학교,중학교,공립,본교,운영,경상남도 창원시 성산구 두대로 195,35.22548083,128.6632959,2026-03-20
CW-SEONGSAN,성산구,B000011000,남산중학교,중학교,공립,본교,운영,경상남도 창원시 성산구 가음정로 157,35.2039882,128.6983379,2026-03-20
CW-SEONGSAN,성산구,B000011001,대방중학교,중학교,공립,본교,운영,경상남도 창원시 성산구 가양로 133,35.21041285,128.7062908,2026-03-20
CW-SEONGSAN,성산구,B000010998,반림중학교,중학교,공립,본교,운영,경상남도 창원시 성산구 외동반림로 237,35.23914674,128.6778473,2026-03-20
CW-SEONGSAN,성산구,B000010984,반송여자중학교,중학교,공립,본교,운영,경상남도 창원시 성산구 반송로 168,35.23572964,128.674391,2026-03-20
CW-SEONGSAN,성산구,B000010977,반송중학교,중학교,공립,본교,운영,경상남도 창원시 성산구 반송로 182,35.23555208,128.6749507,2026-03-20
CW-SEONGSAN,성산구,B000011004,사파중학교,중학교,공립,본교,운영,경상남도 창원시 성산구 신사로 155,35.21896417,128.7005664,2026-03-20
CW-SEONGSAN,성산구,B000010996,삼정자중학교,중학교,공립,본교,운영,경상남도 창원시 성산구 외리로34번길 32,35.20123356,128.7121935,2026-03-20
CW-SEONGSAN,성산구,B000010992,신월중학교,중학교,공립,본교,운영,경상남도 창원시 성산구 신월로37번길 12,35.22860169,128.6935418,2026-03-20
CW-SEONGSAN,성산구,B000011002,안남중학교,중학교,공립,본교,운영,경상남도 창원시 성산구 창이대로899번길 13,35.20557657,128.7080778,2026-03-20
CW-SEONGSAN,성산구,B000010997,안민중학교,중학교,공립,본교,운영,경상남도 창원시 성산구 안민로160번길 11,35.18365416,128.6933757,2026-03-20
CW-SEONGSAN,성산구,B000010999,양곡중학교,중학교,공립,본교,운영,경상남도 창원시 성산구 신촌로134번길 12,35.19852083,128.6268165,2026-03-20
CW-SEONGSAN,성산구,B000011005,웅남중학교,중학교,공립,본교,운영,경상남도 창원시 성산구 단정로98번길 8,35.21622905,128.6889637,2026-03-20
CW-SEONGSAN,성산구,B000011020,창원남중학교,중학교,사립,본교,운영,경상남도 창원시 성산구 창원대로 813,35.21397156,128.6797496,2026-03-20
CW-SEONGSAN,성산구,B000010995,창원상남중학교,중학교,공립,본교,운영,경상남도 창원시 성산구 동산로55번길 9,35.21474025,128.6843651,2026-03-20
CW-SEONGSAN,성산구,B000011003,창원중앙중학교,중학교,공립,본교,운영,경상남도 창원시 성산구 반지로3번길 14,35.24012853,128.6573992,2026-03-20
CW-SEONGSAN,성산구,B000010993,토월중학교,중학교,공립,본교,운영,경상남도 창원시 성산구 원이대로 687,35.22366263,128.6888018,2026-03-20
CW-SEONGSAN,성산구,B000007493,남양초등학교,초등학교,공립,본교,운영,경상남도 창원시 성산구 가음로13번길 5,35.21206224,128.6982595,2026-03-20
CW-SEONGSAN,성산구,B000007490,남정초등학교,초등학교,공립,본교,운영,경상남도 창원시 성산구 원이대로878번길 30,35.21084962,128.6921158,2026-03-20
CW-SEONGSAN,성산구,B000007486,내동초등학교,초등학교,공립,본교,운영,경상남도 창원시 성산구 두대로 185,35.22548514,128.6624836,2026-03-20
CW-SEONGSAN,성산구,B000007494,대방초등학교,초등학교,공립,본교,운영,경상남도 창원시 성산구 대정로 132,35.2113475,128.7068757,2026-03-20
CW-SEONGSAN,성산구,B000007496,대암초등학교,초등학교,공립,본교,운영,경상남도 창원시 성산구 창이대로899번길 23,35.20586609,128.7094383,2026-03-20
CW-SEONGSAN,성산구,B000007476,대원초등학교,초등학교,공립,본교,운영,경상남도 창원시 성산구 두대로55번길 23,35.23361611,128.6510559,2026-03-20
CW-SEONGSAN,성산구,B000007502,동산초등학교,초등학교,공립,본교,운영,경상남도 창원시 성산구 단정로 126,35.214198,128.6901559,2026-03-20
CW-SEONGSAN,성산구,B000007497,반송초등학교,초등학교,공립,본교,운영,경상남도 창원시 성산구 반송로 133,35.23736464,128.6697187,2026-03-20
CW-SEONGSAN,성산구,B000007500,사파초등학교,초등학교,공립,본교,운영,경상남도 창원시 성산구 원이대로773번길 27,35.21931683,128.6972338,2026-03-20
CW-SEONGSAN,성산구,B000007488,삼정자초등학교,초등학교,공립,본교,운영,경상남도 창원시 성산구 외리로34번길 8,35.2009006,128.7090978,2026-03-20
CW-SEONGSAN,성산구,B000007491,성주초등학교,초등학교,공립,본교,운영,경상남도 창원시 성산구 가음정로 127,35.20550265,128.6987849,2026-03-20
CW-SEONGSAN,성산구,B000007495,안남초등학교,초등학교,공립,본교,운영,경상남도 창원시 성산구 가양로 158,35.20909049,128.7103746,2026-03-20
CW-SEONGSAN,성산구,B000007487,안민초등학교,초등학교,공립,본교,운영,경상남도 창원시 성산구 안민로79번길 6,35.18783651,128.6878501,2026-03-20
CW-SEONGSAN,성산구,B000007489,양곡초등학교,초등학교,공립,본교,운영,경상남도 창원시 성산구 양곡길 102,35.20225826,128.6268883,2026-03-20
CW-SEONGSAN,성산구,B000007504,외동초등학교,초등학교,공립,본교,운영,경상남도 창원시 성산구 토월로43번길 14,35.21671652,128.6813319,2026-03-20
CW-SEONGSAN,성산구,B000007471,용남초등학교,초등학교,공립,본교,운영,경상남도 창원시 성산구 용호로 65,35.23586998,128.6798045,2026-03-20
CW-SEONGSAN,성산구,B000007505,용지초등학교,초등학교,공립,본교,운영,경상남도 창원시 성산구 원이대로538번길 24,35.22889716,128.6719623,2026-03-20
CW-SEONGSAN,성산구,B000007484,용호초등학교,초등학교,공립,본교,운영,경상남도 창원시 성산구 용지로169번길 76,35.23370775,128.6756645,2026-03-20
CW-SEONGSAN,성산구,B000007501,웅남초등학교,초등학교,공립,본교,운영,경상남도 창원시 성산구 단정로 75,35.21766862,128.6876607,2026-03-20
CW-SEONGSAN,성산구,B000007498,유목초등학교,초등학교,공립,본교,운영,경상남도 창원시 성산구 반송로29번길 15,35.24478384,128.6637449,2026-03-20
CW-SEONGSAN,성산구,B000007492,창원남산초등학교,초등학교,공립,본교,운영,경상남도 창원시 성산구 가음로83번길 7,35.20593325,128.7045163,2026-03-20
CW-SEONGSAN,성산구,B000007503,창원상남초등학교,초등학교,공립,본교,운영,경상남도 창원시 성산구 토월로 140,35.22158721,128.6894705,2026-03-20
CW-SEONGSAN,성산구,B000007483,창원신월초등학교,초등학교,공립,본교,운영,경상남도 창원시 성산구 신월로72번길 12,35.22576279,128.6931512,2026-03-20
CW-SEONGSAN,성산구,B000007499,토월초등학교,초등학교,공립,본교,운영,경상남도 창원시 성산구 비음로4번길 33-11,35.22742263,128.6985448,2026-03-20
CW-MASANHAPPO,마산합포구,B000013294,마산가포고등학교,고등학교,공립,본교,운영,경상남도 창원시 마산합포구 가포로 262,35.16749022,128.5711686,2026-03-20
CW-MASANHAPPO,마산합포구,B000013584,마산고등학교,고등학교,공립,본교,운영,경상남도 창원시 마산합포구 심온길 33,35.20055288,128.5616541,2026-03-20
CW-MASANHAPPO,마산합포구,B000013320,마산삼진고등학교,고등학교,사립,본교,운영,경상남도 창원시 마산합포구 진동면 삼진의거대로 661-13,35.11862898,128.4887806,2026-03-20
CW-MASANHAPPO,마산합포구,B000013288,마산여자고등학교,고등학교,공립,본교,운영,경상남도 창원시 마산합포구 고운로 157,35.19593834,128.5614097,2026-03-20
CW-MASANHAPPO,마산합포구,B000013285,마산용마고등학교,고등학교,공립,본교,운영,경상남도 창원시 마산합포구 허당로 51,35.21228385,128.5821184,2026-03-20
CW-MASANHAPPO,마산합포구,B000013313,마산제일여자고등학교,고등학교,사립,본교,운영,경상남도 창원시 마산합포구 고운로 65,35.18864312,128.5564144,2026-03-20
CW-MASANHAPPO,마산합포구,B000013306,마산중앙고등학교,고등학교,사립,본교,운영,경상남도 창원시 마산합포구 고운로 103,35.19192849,128.5584266,2026-03-20
CW-MASANHAPPO,마산합포구,B000013314,성지여자고등학교,고등학교,사립,본교,운영,경상남도 창원시 마산합포구 완월남로 20,35.19793925,128.5598321,2026-03-20
CW-MASANHAPPO,마산합포구,B000011756,태봉고등학교,고등학교,공립,본교,운영,경상남도 창원시 마산합포구 진동면 태봉1길 85-32,35.14779402,128.5098136,2026-03-20
CW-MASANHAPPO,마산합포구,B000013295,합포고등학교,고등학교,공립,본교,운영,경상남도 창원시 마산합포구 무학로 458,35.20941219,128.5643386,2026-03-20
CW-MASANHAPPO,마산합포구,B000024994,구산중학교,중학교,공립,본교,운영,경상남도 창원시 마산합포구 현동9길 23,35.14377035,128.5582419,2026-03-20
CW-MASANHAPPO,마산합포구,B000011029,구산중학교구남분교장,중학교,공립,분교,운영,경상남도 창원시 마산합포구 구산면 이순신로 7,35.08695811,128.5870692,2026-03-20
CW-MASANHAPPO,마산합포구,B000011031,마산삼진중학교,중학교,사립,본교,운영,경상남도 창원시 마산합포구 진동면 성산길 51,35.11430894,128.4882202,2026-03-20
CW-MASANHAPPO,마산합포구,B000010974,마산서중학교,중학교,공립,본교,운영,경상남도 창원시 마산합포구 월영남로 6,35.17852774,128.5573056,2026-03-20
CW-MASANHAPPO,마산합포구,B000011017,마산의신여자중학교,중학교,사립,본교,운영,경상남도 창원시 마산합포구 천하장사로 21,35.211608,128.5660041,2026-03-20
CW-MASANHAPPO,마산합포구,B000011016,마산제일여자중학교,중학교,사립,본교,운영,경상남도 창원시 마산합포구 고운로 65,35.18865983,128.5564144,2026-03-20
CW-MASANHAPPO,마산합포구,B000010975,마산중학교,중학교,공립,본교,운영,경상남도 창원시 마산합포구 심온길 49,35.20319064,128.5620358,2026-03-20
CW-MASANHAPPO,마산합포구,B000011018,성지여자중학교,중학교,사립,본교,운영,경상남도 창원시 마산합포구 완월남로 20,35.19793722,128.5598321,2026-03-20
CW-MASANHAPPO,마산합포구,B000011028,진전중학교,중학교,공립,본교,운영,경상남도 창원시 마산합포구 진전면 월안로 23,35.104284,128.4095521,2026-03-20
CW-MASANHAPPO,마산합포구,B000010987,합포중학교,중학교,공립,본교,운영,경상남도 창원시 마산합포구 산호남10길 18,35.21578987,128.5853702,2026-03-20
CW-MASANHAPPO,마산합포구,B000010976,해운중학교,중학교,공립,본교,운영,경상남도 창원시 마산합포구 월영동남로 16-1,35.17757645,128.5652974,2026-03-20
CW-MASANHAPPO,마산합포구,B000007460,가포초등학교,초등학교,공립,본교,운영,경상남도 창원시 마산합포구 가포로 376,35.15921481,128.5752292,2026-03-20
CW-MASANHAPPO,마산합포구,B000007461,교방초등학교,초등학교,공립,본교,운영,경상남도 창원시 마산합포구 교방동1길 63,35.21351763,128.5650545,2026-03-20
CW-MASANHAPPO,마산합포구,B000007542,구산초등학교,초등학교,공립,본교,운영,경상남도 창원시 마산합포구 구산면 수정3길 8,35.12047404,128.5791559,2026-03-20
CW-MASANHAPPO,마산합포구,B000007551,구산초등학교구서분교장,초등학교,공립,분교,운영,경상남도 창원시 마산합포구 구산면 해양관광로 739,35.12143941,128.538013,2026-03-20
CW-MASANHAPPO,마산합포구,B000024150,마산고운초등학교,초등학교,공립,본교,운영,경상남도 창원시 마산합포구 가포로 141,35.17272252,128.5613815,2026-03-20
CW-MASANHAPPO,마산합포구,B000007468,마산신월초등학교,초등학교,공립,본교,운영,경상남도 창원시 마산합포구 월영마을로 40,35.17099201,128.5565457,2026-03-20
CW-MASANHAPPO,마산합포구,B000007469,무학초등학교,초등학교,공립,본교,운영,경상남도 창원시 마산합포구 자산동8길 6,35.20360532,128.5675079,2026-03-20
CW-MASANHAPPO,마산합포구,B000007541,반동초등학교,초등학교,공립,본교,운영,경상남도 창원시 마산합포구 구산면 해양관광로 1460-14,35.08771693,128.5843228,2026-03-20
CW-MASANHAPPO,마산합포구,B000007462,산호초등학교,초등학교,공립,본교,운영,경상남도 창원시 마산합포구 회원동북로 53,35.21972208,128.5795948,2026-03-20
CW-MASANHAPPO,마산합포구,B000007456,상남초등학교,초등학교,공립,본교,운영,경상남도 창원시 마산합포구 합포서13길 20,35.21277759,128.5772354,2026-03-20
CW-MASANHAPPO,마산합포구,B000007457,성호초등학교,초등학교,공립,본교,운영,경상남도 창원시 마산합포구 성호동4길 21,35.2092723,128.5713543,2026-03-20
CW-MASANHAPPO,마산합포구,B000007465,완월초등학교,초등학교,공립,본교,운영,경상남도 창원시 마산합포구 고운로 201,35.20036632,128.5631695,2026-03-20
CW-MASANHAPPO,마산합포구,B000007463,용마초등학교,초등학교,공립,본교,운영,경상남도 창원시 마산합포구 산호남로 50,35.21579113,128.5846544,2026-03-20
CW-MASANHAPPO,마산합포구,B000007537,우산초등학교,초등학교,공립,본교,운영,경상남도 창원시 마산합포구 진동면 미더덕로 382,35.10498551,128.478791,2026-03-20
CW-MASANHAPPO,마산합포구,B000007466,월성초등학교,초등학교,공립,본교,운영,경상남도 창원시 마산합포구 완월남1길 17,35.19601945,128.5604733,2026-03-20
CW-MASANHAPPO,마산합포구,B000007458,월영초등학교,초등학교,공립,본교,운영,경상남도 창원시 마산합포구 반월북1길 41,35.19167165,128.5628724,2026-03-20
CW-MASANHAPPO,마산합포구,B000007459,월포초등학교,초등학교,공립,본교,운영,경상남도 창원시 마산합포구 월영북15길 35,35.18301572,128.5574966,2026-03-20
CW-MASANHAPPO,마산합포구,B000007538,진동초등학교,초등학교,공립,본교,운영,경상남도 창원시 마산합포구 진동면 삼진의거대로 661-22,35.11862978,128.4900974,2026-03-20
CW-MASANHAPPO,마산합포구,B000007540,진전초등학교,초등학교,공립,본교,운영,경상남도 창원시 마산합포구 진전면 팔의사로 727,35.11022237,128.4150907,2026-03-20
CW-MASANHAPPO,마산합포구,B000007539,하북초등학교,초등학교,공립,본교,운영,경상남도 창원시 마산합포구 진북면 지산5길 36,35.11618318,128.4697599,2026-03-20
CW-MASANHAPPO,마산합포구,B000007464,합포초등학교,초등학교,공립,본교,운영,경상남도 창원시 마산합포구 허당로 73,35.21233241,128.5841074,2026-03-20
CW-MASANHAPPO,마산합포구,B000007467,해운초등학교,초등학교,공립,본교,운영,경상남도 창원시 마산합포구 월영남로 24,35.17620554,128.5578346,2026-03-20
CW-MASANHAPPO,마산합포구,B000024417,현동초등학교,초등학교,공립,본교,운영,경상남도 창원시 마산합포구 현동6길 12,35.1469695,128.5565283,2026-03-20
CW-MASANHOEWON,마산회원구,B000011751,마산공업고등학교,고등학교,사립,본교,운영,경상남도 창원시 마산회원구 학교단지로 53,35.24416345,128.5959635,2026-03-20
CW-MASANHOEWON,마산회원구,B000013293,마산구암고등학교,고등학교,공립,본교,운영,경상남도 창원시 마산회원구 팔용로 220,35.24705748,128.5968168,2026-03-20
CW-MASANHOEWON,마산회원구,B000013318,마산내서여자고등학교,고등학교,공립,본교,운영,경상남도 창원시 마산회원구 내서읍 삼풍로 133,35.23729062,128.5028667,2026-03-20
CW-MASANHOEWON,마산회원구,B000013312,마산무학여자고등학교,고등학교,사립,본교,운영,경상남도 창원시 마산회원구 회원동33길 17,35.22302589,128.5748764,2026-03-20
CW-MASANHOEWON,마산회원구,B000013319,마산제일고등학교,고등학교,사립,본교,운영,경상남도 창원시 마산회원구 내서읍 함마대로 2610,35.26178427,128.5054568,2026-03-20
CW-MASANHOEWON,마산회원구,B000013305,창신고등학교,고등학교,사립,본교,운영,경상남도 창원시 마산회원구 봉덕2길 106,35.2259412,128.5975545,2026-03-20
CW-MASANHOEWON,마산회원구,B000011753,한일여자고등학교,고등학교,사립,본교,운영,경상남도 창원시 마산회원구 양덕서8길 50,35.22957678,128.5786542,2026-03-20
CW-MASANHOEWON,마산회원구,B000011022,광려중학교,중학교,공립,본교,운영,경상남도 창원시 마산회원구 내서읍 광려로 108,35.21738289,128.5028628,2026-03-20
CW-MASANHOEWON,마산회원구,B000010979,구암중학교,중학교,공립,본교,운영,경상남도 창원시 마산회원구 구암북11길 26,35.25608813,128.5967086,2026-03-20
CW-MASANHOEWON,마산회원구,B000011025,내서중학교,중학교,공립,본교,운영,경상남도 창원시 마산회원구 내서읍 광려천서로 35,35.24575912,128.5079397,2026-03-20
CW-MASANHOEWON,마산회원구,B000010973,마산동중학교,중학교,공립,본교,운영,경상남도 창원시 마산회원구 회원북7길 40,35.22110037,128.5681332,2026-03-20
CW-MASANHOEWON,마산회원구,B000011015,마산무학여자중학교,중학교,사립,본교,운영,경상남도 창원시 마산회원구 회원동33길 17-1,35.22305717,128.5748764,2026-03-20
CW-MASANHOEWON,마산회원구,B000010981,마산여자중학교,중학교,공립,본교,운영,경상남도 창원시 마산회원구 무학로 587,35.22131965,128.5610829,2026-03-20
CW-MASANHOEWON,마산회원구,B000011011,마산중앙중학교,중학교,사립,본교,운영,경상남도 창원시 마산회원구 학교단지로 53-1,35.24269513,128.5969158,2026-03-20
CW-MASANHOEWON,마산회원구,B000011023,삼계중학교,중학교,공립,본교,운영,경상남도 창원시 마산회원구 내서읍 삼계9길 40,35.23340567,128.4981696,2026-03-20
CW-MASANHOEWON,마산회원구,B000010980,양덕여자중학교,중학교,공립,본교,운영,경상남도 창원시 마산회원구 학교단지로 21,35.24369043,128.5947299,2026-03-20
CW-MASANHOEWON,마산회원구,B000010972,양덕중학교,중학교,공립,본교,운영,경상남도 창원시 마산회원구 학교단지로 47,35.24262116,128.5951783,2026-03-20
CW-MASANHOEWON,마산회원구,B000011012,창신중학교,중학교,사립,본교,운영,경상남도 창원시 마산회원구 봉암북7길 11,35.22433034,128.5973897,2026-03-20
CW-MASANHOEWON,마산회원구,B000010982,합포여자중학교,중학교,공립,본교,운영,경상남도 창원시 마산회원구 회성남11길 27,35.23215536,128.561743,2026-03-20
CW-MASANHOEWON,마산회원구,B000011024,호계중학교,중학교,공립,본교,운영,경상남도 창원시 마산회원구 내서읍 호계본동로 107,35.26685106,128.5139257,2026-03-20
CW-MASANHOEWON,마산회원구,B000007451,가고파초등학교,초등학교,공립,본교,운영,경상남도 창원시 마산회원구 삼호로 110,35.22578392,128.580473,2026-03-20
CW-MASANHOEWON,마산회원구,B000007525,감천초등학교,초등학교,공립,본교,운영,경상남도 창원시 마산회원구 내서읍 감천로 53,35.20718738,128.5154752,2026-03-20
CW-MASANHOEWON,마산회원구,B000007527,광려초등학교,초등학교,공립,본교,운영,경상남도 창원시 마산회원구 내서읍 삼계1길 47,35.22812274,128.5031333,2026-03-20
CW-MASANHOEWON,마산회원구,B000007455,교동초등학교,초등학교,공립,본교,운영,경상남도 창원시 마산회원구 무학로 589,35.22140544,128.5625193,2026-03-20
CW-MASANHOEWON,마산회원구,B000007447,구암초등학교,초등학교,공립,본교,운영,경상남도 창원시 마산회원구 구암북19길 153,35.25826967,128.5943421,2026-03-20
CW-MASANHOEWON,마산회원구,B000007444,내서초등학교,초등학교,공립,본교,운영,경상남도 창원시 마산회원구 북성로 480,35.23819306,128.5454459,2026-03-20
CW-MASANHOEWON,마산회원구,B000007446,마산중앙초등학교,초등학교,공립,본교,운영,경상남도 창원시 마산회원구 팔용로 280,35.24832356,128.6025946,2026-03-20
CW-MASANHOEWON,마산회원구,B000007448,봉덕초등학교,초등학교,공립,본교,운영,경상남도 창원시 마산회원구 봉덕1길 14,35.2224257,128.5947895,2026-03-20
CW-MASANHOEWON,마산회원구,B000007450,북성초등학교,초등학교,공립,본교,운영,경상남도 창원시 마산회원구 석전북1길 3,35.23179348,128.5700226,2026-03-20
CW-MASANHOEWON,마산회원구,B000007528,삼계초등학교,초등학교,공립,본교,운영,경상남도 창원시 마산회원구 내서읍 삼계로 36,35.23266923,128.5004328,2026-03-20
CW-MASANHOEWON,마산회원구,B000007532,상일초등학교,초등학교,공립,본교,운영,경상남도 창원시 마산회원구 내서읍 광려천서로 21,35.24457516,128.5069525,2026-03-20
CW-MASANHOEWON,마산회원구,B000007449,석전초등학교,초등학교,공립,본교,운영,경상남도 창원시 마산회원구 석전동로 8,35.23226945,128.5761882,2026-03-20
CW-MASANHOEWON,마산회원구,B000007529,안계초등학교,초등학교,공립,본교,운영,경상남도 창원시 마산회원구 내서읍 삼계숲길 246,35.23141529,128.4944201,2026-03-20
CW-MASANHOEWON,마산회원구,B000007445,양덕초등학교,초등학교,공립,본교,운영,경상남도 창원시 마산회원구 양덕동12길 86,35.23385991,128.5885008,2026-03-20
CW-MASANHOEWON,마산회원구,B000007526,전안초등학교,초등학교,공립,본교,운영,경상남도 창원시 마산회원구 내서읍 광려로 100,35.21797225,128.5020761,2026-03-20
CW-MASANHOEWON,마산회원구,B000007530,중리초등학교,초등학교,공립,본교,운영,경상남도 창원시 마산회원구 내서읍 호계안길 22,35.25598878,128.5200668,2026-03-20
CW-MASANHOEWON,마산회원구,B000007452,팔룡초등학교,초등학교,공립,본교,운영,경상남도 창원시 마산회원구 학교단지로 31,35.24223175,128.5939532,2026-03-20
CW-MASANHOEWON,마산회원구,B000007453,합성초등학교,초등학교,공립,본교,운영,경상남도 창원시 마산회원구 합성북16길 75,35.24278276,128.5819015,2026-03-20
CW-MASANHOEWON,마산회원구,B000007531,호계초등학교,초등학교,공립,본교,운영,경상남도 창원시 마산회원구 내서읍 광려천북로 182,35.26562301,128.5228101,2026-03-20
CW-MASANHOEWON,마산회원구,B000007454,회원초등학교,초등학교,공립,본교,운영,경상남도 창원시 마산회원구 회원남로 51,35.21982858,128.5667167,2026-03-20
CW-JINHAE,진해구,B000013585,웅천고등학교,고등학교,공립,본교,운영,경상남도 창원시 진해구 웅천중로 71,35.1124855,128.7497026,2026-03-20
CW-JINHAE,진해구,B000013287,진해고등학교,고등학교,공립,본교,운영,경상남도 창원시 진해구 여좌로 100,35.16081162,128.6651789,2026-03-20
CW-JINHAE,진해구,B000011754,진해세화여자고등학교,고등학교,사립,본교,운영,경상남도 창원시 진해구 병암북로4번길 41,35.16141317,128.6937922,2026-03-20
CW-JINHAE,진해구,B000013292,진해여자고등학교,고등학교,공립,본교,운영,경상남도 창원시 진해구 여좌남로 23,35.1563023,128.6575727,2026-03-20
CW-JINHAE,진해구,B000013304,진해용원고등학교,고등학교,공립,본교,운영,경상남도 창원시 진해구 용재로77번길 8,35.10145141,128.8190397,2026-03-20
CW-JINHAE,진해구,B000013311,진해중앙고등학교,고등학교,사립,본교,운영,경상남도 창원시 진해구 병암북로 9,35.16163171,128.6893971,2026-03-20
CW-JINHAE,진해구,B000010985,동진여자중학교,중학교,공립,본교,운영,경상남도 창원시 진해구 진해대로982번길 26,35.14258248,128.7039422,2026-03-20
CW-JINHAE,진해구,B000011008,동진중학교,중학교,공립,본교,운영,경상남도 창원시 진해구 덕산로46번길 25,35.14416613,128.7051285,2026-03-20
CW-JINHAE,진해구,B000011007,석동중학교,중학교,공립,본교,운영,경상남도 창원시 진해구 석동로 40,35.15430996,128.7039826,2026-03-20
CW-JINHAE,진해구,B000011010,안골포중학교,중학교,공립,본교,운영,경상남도 창원시 진해구 안청남로 29,35.10252543,128.8051432,2026-03-20
CW-JINHAE,진해구,B000011009,용원중학교,중학교,공립,본교,운영,경상남도 창원시 진해구 용원로77번길 16,35.09965505,128.8179932,2026-03-20
CW-JINHAE,진해구,B000011021,웅동중학교,중학교,사립,본교,운영,경상남도 창원시 진해구 남의로116번길 50,35.11282287,128.7962528,2026-03-20
CW-JINHAE,진해구,B000023875,웅천중학교,중학교,공립,본교,운영,경상남도 창원시 진해구 웅천동로 55,35.10245311,128.7546083,2026-03-20
CW-JINHAE,진해구,B000011014,진해남중학교,중학교,사립,본교,운영,경상남도 창원시 진해구 병암북로 9,35.16161832,128.6893971,2026-03-20
CW-JINHAE,진해구,B000023805,진해냉천중학교,중학교,공립,본교,운영,경상남도 창원시 진해구 냉천로 219,35.15614925,128.7197791,2026-03-20
CW-JINHAE,진해구,B000023849,진해신항중학교,중학교,공립,본교,운영,경상남도 창원시 진해구 신항동로 161,35.08819661,128.810678,2026-03-20
CW-JINHAE,진해구,B000030911,진해중학교,중학교,공립,본교,운영,경상남도 창원시 진해구 연구단지로 41,35.15899894,128.6647347,2026-03-20
CW-JINHAE,진해구,B000007522,경화초등학교,초등학교,공립,본교,운영,경상남도 창원시 진해구 경화로38번길 5,35.15742814,128.6875009,2026-03-20
CW-JINHAE,진해구,B000007523,대야초등학교,초등학교,공립,본교,운영,경상남도 창원시 진해구 여좌로84번길 7,35.15954661,128.6644414,2026-03-20
CW-JINHAE,진해구,B000007514,덕산초등학교,초등학교,공립,본교,운영,경상남도 창원시 진해구 덕산로46번길 15,35.14587867,128.7052484,2026-03-20
CW-JINHAE,진해구,B000007506,도천초등학교,초등학교,공립,본교,운영,경상남도 창원시 진해구 충장로 10,35.15274364,128.653898,2026-03-20
CW-JINHAE,진해구,B000007510,동부초등학교,초등학교,공립,본교,운영,경상남도 창원시 진해구 석동로 27,35.15575164,128.7023746,2026-03-20
CW-JINHAE,진해구,B000007511,석동초등학교,초등학교,공립,본교,운영,경상남도 창원시 진해구 석동로 85,35.15781268,128.7068682,2026-03-20
CW-JINHAE,진해구,B000007521,안골포초등학교,초등학교,공립,본교,운영,경상남도 창원시 진해구 안청북로 30,35.10398498,128.8062297,2026-03-20
CW-JINHAE,진해구,B000007520,안청초등학교,초등학교,공립,본교,운영,경상남도 창원시 진해구 안골로 303,35.09984346,128.8065674,2026-03-20
CW-JINHAE,진해구,B000007519,용원초등학교,초등학교,공립,본교,운영,경상남도 창원시 진해구 용원로78번길 11,35.09744075,128.8182285,2026-03-20
CW-JINHAE,진해구,B000007518,웅동초등학교,초등학교,공립,본교,운영,경상남도 창원시 진해구 마천로 29,35.12709443,128.7838078,2026-03-20
CW-JINHAE,진해구,B000026370,웅천초등학교,초등학교,공립,본교,운영,경상남도 창원시 진해구 웅천동로 33,35.10396535,128.7557112,2026-03-20
CW-JINHAE,진해구,B000007515,자은초등학교,초등학교,공립,본교,운영,경상남도 창원시 진해구 자은로88번길 41,35.14965907,128.7120764,2026-03-20
CW-JINHAE,진해구,B000007512,장복초등학교,초등학교,공립,본교,운영,경상남도 창원시 진해구 진해대로728번길 21,35.15786437,128.6951594,2026-03-20
CW-JINHAE,진해구,B000007516,장천초등학교,초등학교,공립,본교,운영,경상남도 창원시 진해구 충장로 719,35.12623873,128.7071896,2026-03-20
CW-JINHAE,진해구,B000007508,제황초등학교,초등학교,공립,본교,운영,경상남도 창원시 진해구 제황로 32,35.14871995,128.6693135,2026-03-20
CW-JINHAE,진해구,B000007507,진해남산초등학교,초등학교,공립,본교,운영,경상남도 창원시 진해구 태평로37번길 17,35.14784036,128.6633177,2026-03-20
CW-JINHAE,진해구,B000024101,진해냉천초등학교,초등학교,공립,본교,운영,경상남도 창원시 진해구 냉천로 205,35.1564539,128.7183283,2026-03-20
CW-JINHAE,진해구,B000024189,진해신항초등학교,초등학교,공립,본교,운영,경상남도 창원시 진해구 신항동로 158,35.08961489,128.8107118,2026-03-20
CW-JINHAE,진해구,B000007509,진해중앙초등학교,초등학교,공립,본교,운영,경상남도 창원시 진해구 태백서로14번길 23,35.15542082,128.6754726,2026-03-20
CW-JINHAE,진해구,B000007513,풍호초등학교,초등학교,공립,본교,운영,경상남도 창원시 진해구 풍호로 80,35.13943503,128.710545,2026-03-20
